"","condition","item","response","response_time","subject","ambiguity_G","question_type_G","ambiguity","question_type"
"63","exp4","3",1,2794,1,"Unambiguous","Main_Clause_Question",-1,1
"69","exp2","9",0,3354,1,"Unambiguous","Subordinate_Clause_Question",-1,-1
"75","exp2","5",0,2605,1,"Unambiguous","Subordinate_Clause_Question",-1,-1
"81","exp3","6",1,3141,1,"Ambiguous","Main_Clause_Question",1,1
"87","exp3","14",0,1609,1,"Ambiguous","Main_Clause_Question",1,1
"93","exp2","1",1,3773,1,"Unambiguous","Subordinate_Clause_Question",-1,-1
"99","exp3","2",1,1741,1,"Ambiguous","Main_Clause_Question",1,1
"105","exp1","8",1,4044,1,"Ambiguous","Subordinate_Clause_Question",1,-1
"111","exp4","7",1,2398,1,"Unambiguous","Main_Clause_Question",-1,1
"117","exp1","12",0,3332,1,"Ambiguous","Subordinate_Clause_Question",1,-1
"123","exp3","10",0,3133,1,"Ambiguous","Main_Clause_Question",1,1
"129","exp4","11",0,4090,1,"Unambiguous","Main_Clause_Question",-1,1
"135","exp1","4",0,3374,1,"Ambiguous","Subordinate_Clause_Question",1,-1
"141","exp2","13",1,4544,1,"Unambiguous","Subordinate_Clause_Question",-1,-1
"147","exp4","15",1,2879,1,"Unambiguous","Main_Clause_Question",-1,1
"153","exp1","16",0,3330,1,"Ambiguous","Subordinate_Clause_Question",1,-1
"220","exp3","1",1,2696,2,"Ambiguous","Main_Clause_Question",1,1
"226","exp4","10",1,2917,2,"Unambiguous","Main_Clause_Question",-1,1
"232","exp2","12",0,3875,2,"Unambiguous","Subordinate_Clause_Question",-1,-1
"238","exp1","11",1,3182,2,"Ambiguous","Subordinate_Clause_Question",1,-1
"244","exp3","13",1,1782,2,"Ambiguous","Main_Clause_Question",1,1
"250","exp4","14",0,1899,2,"Unambiguous","Main_Clause_Question",-1,1
"256","exp2","8",0,3872,2,"Unambiguous","Subordinate_Clause_Question",-1,-1
"262","exp2","4",0,1859,2,"Unambiguous","Subordinate_Clause_Question",-1,-1
"268","exp2","16",0,2049,2,"Unambiguous","Subordinate_Clause_Question",-1,-1
"274","exp1","7",0,1600,2,"Ambiguous","Subordinate_Clause_Question",1,-1
"280","exp4","6",1,1354,2,"Unambiguous","Main_Clause_Question",-1,1
"286","exp1","3",1,10791,2,"Ambiguous","Subordinate_Clause_Question",1,-1
"292","exp4","2",1,1360,2,"Unambiguous","Main_Clause_Question",-1,1
"298","exp1","15",0,1701,2,"Ambiguous","Subordinate_Clause_Question",1,-1
"304","exp3","9",0,7032,2,"Ambiguous","Main_Clause_Question",1,1
"310","exp3","5",0,3666,2,"Ambiguous","Main_Clause_Question",1,1
"373","exp1","6",0,5700,3,"Ambiguous","Subordinate_Clause_Question",1,-1
"379","exp2","3",1,6764,3,"Unambiguous","Subordinate_Clause_Question",-1,-1
"385","exp4","9",0,10420,3,"Unambiguous","Main_Clause_Question",-1,1
"391","exp3","16",1,4721,3,"Ambiguous","Main_Clause_Question",1,1
"397","exp2","7",0,3879,3,"Unambiguous","Subordinate_Clause_Question",-1,-1
"403","exp3","4",0,6483,3,"Ambiguous","Main_Clause_Question",1,1
"409","exp2","11",1,9221,3,"Unambiguous","Subordinate_Clause_Question",-1,-1
"415","exp3","8",1,2931,3,"Ambiguous","Main_Clause_Question",1,1
"421","exp4","13",1,1754,3,"Unambiguous","Main_Clause_Question",-1,1
"427","exp1","2",0,2003,3,"Ambiguous","Subordinate_Clause_Question",1,-1
"433","exp4","1",1,2059,3,"Unambiguous","Main_Clause_Question",-1,1
"439","exp1","14",1,3932,3,"Ambiguous","Subordinate_Clause_Question",1,-1
"445","exp3","12",1,1496,3,"Ambiguous","Main_Clause_Question",1,1
"451","exp4","5",1,1826,3,"Unambiguous","Main_Clause_Question",-1,1
"457","exp1","10",1,4681,3,"Ambiguous","Subordinate_Clause_Question",1,-1
"463","exp2","15",1,4710,3,"Unambiguous","Subordinate_Clause_Question",-1,-1
"530","exp2","2",1,5739,4,"Unambiguous","Subordinate_Clause_Question",-1,-1
"536","exp1","9",1,2131,4,"Ambiguous","Subordinate_Clause_Question",1,-1
"542","exp2","10",0,3068,4,"Unambiguous","Subordinate_Clause_Question",-1,-1
"548","exp1","5",1,1493,4,"Ambiguous","Subordinate_Clause_Question",1,-1
"554","exp3","3",1,2737,4,"Ambiguous","Main_Clause_Question",1,1
"560","exp4","8",1,2788,4,"Unambiguous","Main_Clause_Question",-1,1
"566","exp3","7",1,2120,4,"Ambiguous","Main_Clause_Question",1,1
"572","exp1","1",1,3810,4,"Ambiguous","Subordinate_Clause_Question",1,-1
"578","exp2","14",1,3774,4,"Unambiguous","Subordinate_Clause_Question",-1,-1
"584","exp2","6",0,2966,4,"Unambiguous","Subordinate_Clause_Question",-1,-1
"590","exp4","12",1,2406,4,"Unambiguous","Main_Clause_Question",-1,1
"596","exp3","11",0,3148,4,"Ambiguous","Main_Clause_Question",1,1
"602","exp1","13",0,2829,4,"Ambiguous","Subordinate_Clause_Question",1,-1
"608","exp3","15",1,2611,4,"Ambiguous","Main_Clause_Question",1,1
"614","exp4","4",1,2452,4,"Unambiguous","Main_Clause_Question",-1,1
"620","exp4","16",1,1218,4,"Unambiguous","Main_Clause_Question",-1,1
"683","exp3","14",0,6410,5,"Ambiguous","Main_Clause_Question",1,1
"689","exp3","6",1,3753,5,"Ambiguous","Main_Clause_Question",1,1
"695","exp4","15",0,2698,5,"Unambiguous","Main_Clause_Question",-1,1
"701","exp3","2",1,2012,5,"Ambiguous","Main_Clause_Question",1,1
"707","exp4","3",1,2355,5,"Unambiguous","Main_Clause_Question",-1,1
"713","exp2","13",1,2508,5,"Unambiguous","Subordinate_Clause_Question",-1,-1
"719","exp3","10",1,2556,5,"Ambiguous","Main_Clause_Question",1,1
"725","exp2","5",1,3182,5,"Unambiguous","Subordinate_Clause_Question",-1,-1
"731","exp2","9",1,2559,5,"Unambiguous","Subordinate_Clause_Question",-1,-1
"737","exp2","1",1,5758,5,"Unambiguous","Subordinate_Clause_Question",-1,-1
"743","exp1","4",1,2056,5,"Ambiguous","Subordinate_Clause_Question",1,-1
"749","exp1","16",0,6967,5,"Ambiguous","Subordinate_Clause_Question",1,-1
"755","exp1","12",0,1440,5,"Ambiguous","Subordinate_Clause_Question",1,-1
"761","exp1","8",1,7993,5,"Ambiguous","Subordinate_Clause_Question",1,-1
"767","exp4","7",1,2239,5,"Unambiguous","Main_Clause_Question",-1,1
"773","exp4","11",0,5414,5,"Unambiguous","Main_Clause_Question",-1,1
"838","exp2","4",0,2390,6,"Unambiguous","Subordinate_Clause_Question",-1,-1
"844","exp1","11",1,4674,6,"Ambiguous","Subordinate_Clause_Question",1,-1
"850","exp4","14",1,7308,6,"Unambiguous","Main_Clause_Question",-1,1
"856","exp2","16",1,2817,6,"Unambiguous","Subordinate_Clause_Question",-1,-1
"862","exp1","15",0,4870,6,"Ambiguous","Subordinate_Clause_Question",1,-1
"868","exp4","10",0,2463,6,"Unambiguous","Main_Clause_Question",-1,1
"874","exp1","3",0,2729,6,"Ambiguous","Subordinate_Clause_Question",1,-1
"880","exp4","6",1,2261,6,"Unambiguous","Main_Clause_Question",-1,1
"886","exp2","12",0,5036,6,"Unambiguous","Subordinate_Clause_Question",-1,-1
"892","exp3","13",1,1511,6,"Ambiguous","Main_Clause_Question",1,1
"898","exp4","2",1,3436,6,"Unambiguous","Main_Clause_Question",-1,1
"904","exp3","9",1,2194,6,"Ambiguous","Main_Clause_Question",1,1
"910","exp3","5",0,2856,6,"Ambiguous","Main_Clause_Question",1,1
"916","exp1","7",1,2340,6,"Ambiguous","Subordinate_Clause_Question",1,-1
"922","exp3","1",1,1741,6,"Ambiguous","Main_Clause_Question",1,1
"928","exp2","8",1,2727,6,"Unambiguous","Subordinate_Clause_Question",-1,-1
"995","exp4","13",1,7919,7,"Unambiguous","Main_Clause_Question",-1,1
"1001","exp3","8",1,2422,7,"Ambiguous","Main_Clause_Question",1,1
"1007","exp3","16",0,2187,7,"Ambiguous","Main_Clause_Question",1,1
"1013","exp3","12",0,3699,7,"Ambiguous","Main_Clause_Question",1,1
"1019","exp1","6",0,6346,7,"Ambiguous","Subordinate_Clause_Question",1,-1
"1025","exp1","2",1,4642,7,"Ambiguous","Subordinate_Clause_Question",1,-1
"1031","exp2","7",1,3678,7,"Unambiguous","Subordinate_Clause_Question",-1,-1
"1037","exp4","1",0,2882,7,"Unambiguous","Main_Clause_Question",-1,1
"1043","exp2","11",0,3281,7,"Unambiguous","Subordinate_Clause_Question",-1,-1
"1049","exp1","14",0,4804,7,"Ambiguous","Subordinate_Clause_Question",1,-1
"1055","exp1","10",0,2216,7,"Ambiguous","Subordinate_Clause_Question",1,-1
"1061","exp2","15",1,2840,7,"Unambiguous","Subordinate_Clause_Question",-1,-1
"1067","exp4","5",0,2587,7,"Unambiguous","Main_Clause_Question",-1,1
"1073","exp3","4",1,3706,7,"Ambiguous","Main_Clause_Question",1,1
"1079","exp2","3",0,2484,7,"Unambiguous","Subordinate_Clause_Question",-1,-1
"1085","exp4","9",1,2421,7,"Unambiguous","Main_Clause_Question",-1,1
"1150","exp3","3",1,3112,8,"Ambiguous","Main_Clause_Question",1,1
"1156","exp4","16",0,2305,8,"Unambiguous","Main_Clause_Question",-1,1
"1162","exp3","15",1,2646,8,"Ambiguous","Main_Clause_Question",1,1
"1168","exp4","8",1,2501,8,"Unambiguous","Main_Clause_Question",-1,1
"1174","exp4","12",0,1877,8,"Unambiguous","Main_Clause_Question",-1,1
"1180","exp3","7",0,2404,8,"Ambiguous","Main_Clause_Question",1,1
"1186","exp1","5",0,7715,8,"Ambiguous","Subordinate_Clause_Question",1,-1
"1192","exp1","9",1,2524,8,"Ambiguous","Subordinate_Clause_Question",1,-1
"1198","exp2","2",0,2424,8,"Unambiguous","Subordinate_Clause_Question",-1,-1
"1204","exp1","13",1,2434,8,"Ambiguous","Subordinate_Clause_Question",1,-1
"1210","exp2","6",0,3498,8,"Unambiguous","Subordinate_Clause_Question",-1,-1
"1216","exp2","10",0,2596,8,"Unambiguous","Subordinate_Clause_Question",-1,-1
"1222","exp2","14",0,3909,8,"Unambiguous","Subordinate_Clause_Question",-1,-1
"1228","exp3","11",0,2639,8,"Ambiguous","Main_Clause_Question",1,1
"1234","exp1","1",0,2598,8,"Ambiguous","Subordinate_Clause_Question",1,-1
"1240","exp4","4",0,3049,8,"Unambiguous","Main_Clause_Question",-1,1
"1305","exp1","4",0,4670,9,"Ambiguous","Subordinate_Clause_Question",1,-1
"1311","exp2","1",0,6129,9,"Unambiguous","Subordinate_Clause_Question",-1,-1
"1317","exp4","11",0,3683,9,"Unambiguous","Main_Clause_Question",-1,1
"1323","exp2","9",0,3389,9,"Unambiguous","Subordinate_Clause_Question",-1,-1
"1329","exp4","15",0,2962,9,"Unambiguous","Main_Clause_Question",-1,1
"1335","exp1","16",0,2531,9,"Ambiguous","Subordinate_Clause_Question",1,-1
"1341","exp3","2",0,2308,9,"Ambiguous","Main_Clause_Question",1,1
"1347","exp3","6",0,3789,9,"Ambiguous","Main_Clause_Question",1,1
"1353","exp4","7",0,2526,9,"Unambiguous","Main_Clause_Question",-1,1
"1359","exp1","12",0,2513,9,"Ambiguous","Subordinate_Clause_Question",1,-1
"1365","exp2","13",0,2019,9,"Unambiguous","Subordinate_Clause_Question",-1,-1
"1371","exp3","10",0,2313,9,"Ambiguous","Main_Clause_Question",1,1
"1377","exp1","8",0,2329,9,"Ambiguous","Subordinate_Clause_Question",1,-1
"1383","exp4","3",1,2461,9,"Unambiguous","Main_Clause_Question",-1,1
"1389","exp2","5",0,2075,9,"Unambiguous","Subordinate_Clause_Question",-1,-1
"1395","exp3","14",0,1873,9,"Ambiguous","Main_Clause_Question",1,1
"1460","exp3","1",1,5427,10,"Ambiguous","Main_Clause_Question",1,1
"1466","exp3","5",0,4015,10,"Ambiguous","Main_Clause_Question",1,1
"1472","exp1","15",0,6263,10,"Ambiguous","Subordinate_Clause_Question",1,-1
"1478","exp3","13",1,10305,10,"Ambiguous","Main_Clause_Question",1,1
"1484","exp2","16",1,4882,10,"Unambiguous","Subordinate_Clause_Question",-1,-1
"1490","exp2","4",1,5882,10,"Unambiguous","Subordinate_Clause_Question",-1,-1
"1496","exp4","6",0,12204,10,"Unambiguous","Main_Clause_Question",-1,1
"1502","exp4","14",0,3073,10,"Unambiguous","Main_Clause_Question",-1,1
"1508","exp4","2",1,2482,10,"Unambiguous","Main_Clause_Question",-1,1
"1514","exp3","9",1,4769,10,"Ambiguous","Main_Clause_Question",1,1
"1520","exp1","3",0,4275,10,"Ambiguous","Subordinate_Clause_Question",1,-1
"1526","exp1","11",1,3521,10,"Ambiguous","Subordinate_Clause_Question",1,-1
"1532","exp2","8",1,2948,10,"Unambiguous","Subordinate_Clause_Question",-1,-1
"1538","exp1","7",0,2292,10,"Ambiguous","Subordinate_Clause_Question",1,-1
"1544","exp2","12",1,6662,10,"Unambiguous","Subordinate_Clause_Question",-1,-1
"1550","exp4","10",1,7179,10,"Unambiguous","Main_Clause_Question",-1,1
"1615","exp1","10",0,4356,11,"Ambiguous","Subordinate_Clause_Question",1,-1
"1621","exp4","9",1,3107,11,"Unambiguous","Main_Clause_Question",-1,1
"1627","exp1","2",0,2891,11,"Ambiguous","Subordinate_Clause_Question",1,-1
"1633","exp2","15",1,2880,11,"Unambiguous","Subordinate_Clause_Question",-1,-1
"1639","exp4","5",1,1962,11,"Unambiguous","Main_Clause_Question",-1,1
"1645","exp3","8",1,2824,11,"Ambiguous","Main_Clause_Question",1,1
"1651","exp3","16",1,2743,11,"Ambiguous","Main_Clause_Question",1,1
"1657","exp2","7",1,2757,11,"Unambiguous","Subordinate_Clause_Question",-1,-1
"1663","exp4","13",1,2229,11,"Unambiguous","Main_Clause_Question",-1,1
"1669","exp1","6",0,3952,11,"Ambiguous","Subordinate_Clause_Question",1,-1
"1675","exp2","3",0,4770,11,"Unambiguous","Subordinate_Clause_Question",-1,-1
"1681","exp4","1",1,1438,11,"Unambiguous","Main_Clause_Question",-1,1
"1687","exp3","12",0,1531,11,"Ambiguous","Main_Clause_Question",1,1
"1693","exp2","11",0,3836,11,"Unambiguous","Subordinate_Clause_Question",-1,-1
"1699","exp3","4",0,2331,11,"Ambiguous","Main_Clause_Question",1,1
"1705","exp1","14",0,5896,11,"Ambiguous","Subordinate_Clause_Question",1,-1
"1770","exp4","16",0,2367,12,"Unambiguous","Main_Clause_Question",-1,1
"1776","exp1","13",0,2716,12,"Ambiguous","Subordinate_Clause_Question",1,-1
"1782","exp2","10",1,3853,12,"Unambiguous","Subordinate_Clause_Question",-1,-1
"1788","exp3","11",0,3893,12,"Ambiguous","Main_Clause_Question",1,1
"1794","exp1","5",1,2769,12,"Ambiguous","Subordinate_Clause_Question",1,-1
"1800","exp3","3",0,2620,12,"Ambiguous","Main_Clause_Question",1,1
"1806","exp2","14",1,2865,12,"Unambiguous","Subordinate_Clause_Question",-1,-1
"1812","exp2","6",0,7585,12,"Unambiguous","Subordinate_Clause_Question",-1,-1
"1818","exp3","15",0,3432,12,"Ambiguous","Main_Clause_Question",1,1
"1824","exp3","7",1,3207,12,"Ambiguous","Main_Clause_Question",1,1
"1830","exp4","8",0,3920,12,"Unambiguous","Main_Clause_Question",-1,1
"1836","exp1","1",1,3332,12,"Ambiguous","Subordinate_Clause_Question",1,-1
"1842","exp4","4",1,7350,12,"Unambiguous","Main_Clause_Question",-1,1
"1848","exp4","12",0,1410,12,"Unambiguous","Main_Clause_Question",-1,1
"1854","exp1","9",0,4186,12,"Ambiguous","Subordinate_Clause_Question",1,-1
"1860","exp2","2",0,2692,12,"Unambiguous","Subordinate_Clause_Question",-1,-1
"1925","exp2","5",1,3991,13,"Unambiguous","Subordinate_Clause_Question",-1,-1
"1931","exp3","2",0,2917,13,"Ambiguous","Main_Clause_Question",1,1
"1937","exp1","12",0,4606,13,"Ambiguous","Subordinate_Clause_Question",1,-1
"1943","exp1","16",1,6246,13,"Ambiguous","Subordinate_Clause_Question",1,-1
"1949","exp4","15",0,4433,13,"Unambiguous","Main_Clause_Question",-1,1
"1955","exp2","13",1,3956,13,"Unambiguous","Subordinate_Clause_Question",-1,-1
"1961","exp2","9",1,3725,13,"Unambiguous","Subordinate_Clause_Question",-1,-1
"1967","exp2","1",1,1383,13,"Unambiguous","Subordinate_Clause_Question",-1,-1
"1973","exp1","8",0,1649,13,"Ambiguous","Subordinate_Clause_Question",1,-1
"1979","exp3","6",1,4976,13,"Ambiguous","Main_Clause_Question",1,1
"1985","exp4","3",1,2285,13,"Unambiguous","Main_Clause_Question",-1,1
"1991","exp4","7",1,1802,13,"Unambiguous","Main_Clause_Question",-1,1
"1997","exp3","14",0,3184,13,"Ambiguous","Main_Clause_Question",1,1
"2003","exp4","11",1,4463,13,"Unambiguous","Main_Clause_Question",-1,1
"2009","exp3","10",0,5942,13,"Ambiguous","Main_Clause_Question",1,1
"2015","exp1","4",0,2312,13,"Ambiguous","Subordinate_Clause_Question",1,-1
"2080","exp2","16",0,3451,14,"Unambiguous","Subordinate_Clause_Question",-1,-1
"2086","exp4","10",0,4278,14,"Unambiguous","Main_Clause_Question",-1,1
"2092","exp2","8",1,19817,14,"Unambiguous","Subordinate_Clause_Question",-1,-1
"2098","exp1","15",1,6888,14,"Ambiguous","Subordinate_Clause_Question",1,-1
"2104","exp2","4",1,6620,14,"Unambiguous","Subordinate_Clause_Question",-1,-1
"2110","exp4","6",1,3761,14,"Unambiguous","Main_Clause_Question",-1,1
"2116","exp3","5",0,4794,14,"Ambiguous","Main_Clause_Question",1,1
"2122","exp2","12",0,2958,14,"Unambiguous","Subordinate_Clause_Question",-1,-1
"2128","exp3","9",0,3860,14,"Ambiguous","Main_Clause_Question",1,1
"2134","exp3","13",0,4309,14,"Ambiguous","Main_Clause_Question",1,1
"2140","exp1","11",0,3236,14,"Ambiguous","Subordinate_Clause_Question",1,-1
"2146","exp3","1",1,3494,14,"Ambiguous","Main_Clause_Question",1,1
"2152","exp1","3",1,7414,14,"Ambiguous","Subordinate_Clause_Question",1,-1
"2158","exp1","7",0,4307,14,"Ambiguous","Subordinate_Clause_Question",1,-1
"2164","exp4","14",0,5379,14,"Unambiguous","Main_Clause_Question",-1,1
"2170","exp4","2",0,5089,14,"Unambiguous","Main_Clause_Question",-1,1
"2233","exp2","7",0,1600,15,"Unambiguous","Subordinate_Clause_Question",-1,-1
"2239","exp4","1",1,2046,15,"Unambiguous","Main_Clause_Question",-1,1
"2245","exp1","6",0,2678,15,"Ambiguous","Subordinate_Clause_Question",1,-1
"2251","exp1","2",1,3654,15,"Ambiguous","Subordinate_Clause_Question",1,-1
"2257","exp4","13",0,2640,15,"Unambiguous","Main_Clause_Question",-1,1
"2263","exp2","11",1,2009,15,"Unambiguous","Subordinate_Clause_Question",-1,-1
"2269","exp2","15",1,1536,15,"Unambiguous","Subordinate_Clause_Question",-1,-1
"2275","exp3","16",0,3003,15,"Ambiguous","Main_Clause_Question",1,1
"2281","exp3","12",1,1796,15,"Ambiguous","Main_Clause_Question",1,1
"2287","exp4","5",0,1480,15,"Unambiguous","Main_Clause_Question",-1,1
"2293","exp3","4",0,2856,15,"Ambiguous","Main_Clause_Question",1,1
"2299","exp1","14",1,1584,15,"Ambiguous","Subordinate_Clause_Question",1,-1
"2305","exp4","9",0,3290,15,"Unambiguous","Main_Clause_Question",-1,1
"2311","exp3","8",0,1758,15,"Ambiguous","Main_Clause_Question",1,1
"2317","exp1","10",0,2153,15,"Ambiguous","Subordinate_Clause_Question",1,-1
"2323","exp2","3",1,2666,15,"Unambiguous","Subordinate_Clause_Question",-1,-1
"2388","exp2","10",1,8062,16,"Unambiguous","Subordinate_Clause_Question",-1,-1
"2394","exp4","12",1,3005,16,"Unambiguous","Main_Clause_Question",-1,1
"2400","exp3","3",0,3254,16,"Ambiguous","Main_Clause_Question",1,1
"2406","exp4","16",1,2195,16,"Unambiguous","Main_Clause_Question",-1,1
"2412","exp2","2",1,5458,16,"Unambiguous","Subordinate_Clause_Question",-1,-1
"2418","exp1","5",0,3626,16,"Ambiguous","Subordinate_Clause_Question",1,-1
"2424","exp3","7",0,3624,16,"Ambiguous","Main_Clause_Question",1,1
"2430","exp3","11",1,2976,16,"Ambiguous","Main_Clause_Question",1,1
"2436","exp3","15",0,3641,16,"Ambiguous","Main_Clause_Question",1,1
"2442","exp2","14",1,6065,16,"Unambiguous","Subordinate_Clause_Question",-1,-1
"2448","exp4","8",0,2026,16,"Unambiguous","Main_Clause_Question",-1,1
"2454","exp1","9",0,3005,16,"Ambiguous","Subordinate_Clause_Question",1,-1
"2460","exp2","6",1,3351,16,"Unambiguous","Subordinate_Clause_Question",-1,-1
"2466","exp4","4",1,5340,16,"Unambiguous","Main_Clause_Question",-1,1
"2472","exp1","1",1,2655,16,"Ambiguous","Subordinate_Clause_Question",1,-1
"2478","exp1","13",1,3147,16,"Ambiguous","Subordinate_Clause_Question",1,-1
"2543","exp1","16",0,4563,17,"Ambiguous","Subordinate_Clause_Question",1,-1
"2549","exp2","1",1,10988,17,"Unambiguous","Subordinate_Clause_Question",-1,-1
"2555","exp1","12",1,5194,17,"Ambiguous","Subordinate_Clause_Question",1,-1
"2561","exp1","8",1,6133,17,"Ambiguous","Subordinate_Clause_Question",1,-1
"2567","exp4","15",1,2452,17,"Unambiguous","Main_Clause_Question",-1,1
"2573","exp1","4",0,9421,17,"Ambiguous","Subordinate_Clause_Question",1,-1
"2579","exp3","6",1,4112,17,"Ambiguous","Main_Clause_Question",1,1
"2585","exp4","11",0,11208,17,"Unambiguous","Main_Clause_Question",-1,1
"2591","exp2","13",1,2893,17,"Unambiguous","Subordinate_Clause_Question",-1,-1
"2597","exp3","14",1,7297,17,"Ambiguous","Main_Clause_Question",1,1
"2603","exp4","7",1,2792,17,"Unambiguous","Main_Clause_Question",-1,1
"2609","exp3","2",1,2606,17,"Ambiguous","Main_Clause_Question",1,1
"2615","exp3","10",1,5644,17,"Ambiguous","Main_Clause_Question",1,1
"2621","exp2","5",1,3133,17,"Unambiguous","Subordinate_Clause_Question",-1,-1
"2627","exp2","9",1,1843,17,"Unambiguous","Subordinate_Clause_Question",-1,-1
"2633","exp4","3",1,3068,17,"Unambiguous","Main_Clause_Question",-1,1
"2700","exp4","10",0,2524,18,"Unambiguous","Main_Clause_Question",-1,1
"2706","exp1","15",0,2798,18,"Ambiguous","Subordinate_Clause_Question",1,-1
"2712","exp2","16",0,3508,18,"Unambiguous","Subordinate_Clause_Question",-1,-1
"2718","exp3","1",1,2693,18,"Ambiguous","Main_Clause_Question",1,1
"2724","exp4","6",1,2418,18,"Unambiguous","Main_Clause_Question",-1,1
"2730","exp3","9",1,3281,18,"Ambiguous","Main_Clause_Question",1,1
"2736","exp4","14",1,3207,18,"Unambiguous","Main_Clause_Question",-1,1
"2742","exp4","2",1,4880,18,"Unambiguous","Main_Clause_Question",-1,1
"2748","exp1","11",1,2196,18,"Ambiguous","Subordinate_Clause_Question",1,-1
"2754","exp1","7",0,2925,18,"Ambiguous","Subordinate_Clause_Question",1,-1
"2760","exp3","13",1,2370,18,"Ambiguous","Main_Clause_Question",1,1
"2766","exp2","12",0,5077,18,"Unambiguous","Subordinate_Clause_Question",-1,-1
"2772","exp2","8",1,3685,18,"Unambiguous","Subordinate_Clause_Question",-1,-1
"2778","exp2","4",0,1835,18,"Unambiguous","Subordinate_Clause_Question",-1,-1
"2784","exp1","3",0,1815,18,"Ambiguous","Subordinate_Clause_Question",1,-1
"2790","exp3","5",0,3246,18,"Ambiguous","Main_Clause_Question",1,1
"2855","exp1","2",0,4034,19,"Ambiguous","Subordinate_Clause_Question",1,-1
"2861","exp4","1",1,2253,19,"Unambiguous","Main_Clause_Question",-1,1
"2867","exp2","15",0,8195,19,"Unambiguous","Subordinate_Clause_Question",-1,-1
"2873","exp3","4",0,2180,19,"Ambiguous","Main_Clause_Question",1,1
"2879","exp4","13",1,3745,19,"Unambiguous","Main_Clause_Question",-1,1
"2885","exp1","10",0,5258,19,"Ambiguous","Subordinate_Clause_Question",1,-1
"2891","exp4","9",0,2888,19,"Unambiguous","Main_Clause_Question",-1,1
"2897","exp3","16",1,5554,19,"Ambiguous","Main_Clause_Question",1,1
"2903","exp2","7",0,3381,19,"Unambiguous","Subordinate_Clause_Question",-1,-1
"2909","exp1","14",1,5482,19,"Ambiguous","Subordinate_Clause_Question",1,-1
"2915","exp2","11",1,2842,19,"Unambiguous","Subordinate_Clause_Question",-1,-1
"2921","exp2","3",1,4706,19,"Unambiguous","Subordinate_Clause_Question",-1,-1
"2927","exp4","5",1,3609,19,"Unambiguous","Main_Clause_Question",-1,1
"2933","exp3","12",0,3258,19,"Ambiguous","Main_Clause_Question",1,1
"2939","exp1","6",0,4968,19,"Ambiguous","Subordinate_Clause_Question",1,-1
"2945","exp3","8",1,3616,19,"Ambiguous","Main_Clause_Question",1,1
"3010","exp1","9",0,3977,20,"Ambiguous","Subordinate_Clause_Question",1,-1
"3016","exp4","16",1,9739,20,"Unambiguous","Main_Clause_Question",-1,1
"3022","exp2","6",0,4681,20,"Unambiguous","Subordinate_Clause_Question",-1,-1
"3028","exp1","5",0,3472,20,"Ambiguous","Subordinate_Clause_Question",1,-1
"3034","exp3","11",0,7698,20,"Ambiguous","Main_Clause_Question",1,1
"3040","exp1","13",0,3052,20,"Ambiguous","Subordinate_Clause_Question",1,-1
"3046","exp3","3",0,3295,20,"Ambiguous","Main_Clause_Question",1,1
"3052","exp1","1",1,3658,20,"Ambiguous","Subordinate_Clause_Question",1,-1
"3058","exp4","4",0,3131,20,"Unambiguous","Main_Clause_Question",-1,1
"3064","exp2","2",0,3377,20,"Unambiguous","Subordinate_Clause_Question",-1,-1
"3070","exp4","12",0,5388,20,"Unambiguous","Main_Clause_Question",-1,1
"3076","exp2","14",1,5649,20,"Unambiguous","Subordinate_Clause_Question",-1,-1
"3082","exp2","10",0,3166,20,"Unambiguous","Subordinate_Clause_Question",-1,-1
"3088","exp3","15",0,3703,20,"Ambiguous","Main_Clause_Question",1,1
"3094","exp4","8",1,5797,20,"Unambiguous","Main_Clause_Question",-1,1
"3100","exp3","7",0,3244,20,"Ambiguous","Main_Clause_Question",1,1
"3165","exp2","13",1,6324,21,"Unambiguous","Subordinate_Clause_Question",-1,-1
"3171","exp1","16",0,3152,21,"Ambiguous","Subordinate_Clause_Question",1,-1
"3177","exp1","8",1,3911,21,"Ambiguous","Subordinate_Clause_Question",1,-1
"3183","exp2","9",1,3610,21,"Unambiguous","Subordinate_Clause_Question",-1,-1
"3189","exp3","6",1,4571,21,"Ambiguous","Main_Clause_Question",1,1
"3195","exp1","12",1,4517,21,"Ambiguous","Subordinate_Clause_Question",1,-1
"3201","exp2","1",1,5971,21,"Unambiguous","Subordinate_Clause_Question",-1,-1
"3207","exp4","7",1,2879,21,"Unambiguous","Main_Clause_Question",-1,1
"3213","exp3","14",0,2997,21,"Ambiguous","Main_Clause_Question",1,1
"3219","exp1","4",0,3733,21,"Ambiguous","Subordinate_Clause_Question",1,-1
"3225","exp2","5",1,2228,21,"Unambiguous","Subordinate_Clause_Question",-1,-1
"3231","exp4","11",1,8793,21,"Unambiguous","Main_Clause_Question",-1,1
"3237","exp4","3",1,3523,21,"Unambiguous","Main_Clause_Question",-1,1
"3243","exp3","10",0,3783,21,"Ambiguous","Main_Clause_Question",1,1
"3249","exp4","15",1,1943,21,"Unambiguous","Main_Clause_Question",-1,1
"3255","exp3","2",1,3717,21,"Ambiguous","Main_Clause_Question",1,1
"3320","exp1","11",0,6391,22,"Ambiguous","Subordinate_Clause_Question",1,-1
"3326","exp4","6",1,1909,22,"Unambiguous","Main_Clause_Question",-1,1
"3332","exp3","13",1,3522,22,"Ambiguous","Main_Clause_Question",1,1
"3338","exp1","7",0,1901,22,"Ambiguous","Subordinate_Clause_Question",1,-1
"3344","exp2","8",1,5617,22,"Unambiguous","Subordinate_Clause_Question",-1,-1
"3350","exp4","2",1,1544,22,"Unambiguous","Main_Clause_Question",-1,1
"3356","exp4","10",0,2831,22,"Unambiguous","Main_Clause_Question",-1,1
"3362","exp2","16",0,1645,22,"Unambiguous","Subordinate_Clause_Question",-1,-1
"3368","exp4","14",0,1644,22,"Unambiguous","Main_Clause_Question",-1,1
"3374","exp2","4",0,2656,22,"Unambiguous","Subordinate_Clause_Question",-1,-1
"3380","exp1","15",0,3230,22,"Ambiguous","Subordinate_Clause_Question",1,-1
"3386","exp3","5",1,2361,22,"Ambiguous","Main_Clause_Question",1,1
"3392","exp1","3",1,3806,22,"Ambiguous","Subordinate_Clause_Question",1,-1
"3398","exp3","1",1,3045,22,"Ambiguous","Main_Clause_Question",1,1
"3404","exp2","12",0,1529,22,"Unambiguous","Subordinate_Clause_Question",-1,-1
"3410","exp3","9",0,2123,22,"Ambiguous","Main_Clause_Question",1,1
"3473","exp2","15",0,5502,23,"Unambiguous","Subordinate_Clause_Question",-1,-1
"3479","exp4","5",0,4095,23,"Unambiguous","Main_Clause_Question",-1,1
"3485","exp2","3",0,10452,23,"Unambiguous","Subordinate_Clause_Question",-1,-1
"3491","exp4","13",0,4673,23,"Unambiguous","Main_Clause_Question",-1,1
"3497","exp1","10",0,5255,23,"Ambiguous","Subordinate_Clause_Question",1,-1
"3503","exp1","2",0,7907,23,"Ambiguous","Subordinate_Clause_Question",1,-1
"3509","exp4","1",1,2315,23,"Unambiguous","Main_Clause_Question",-1,1
"3515","exp3","16",0,3588,23,"Ambiguous","Main_Clause_Question",1,1
"3521","exp4","9",0,3088,23,"Unambiguous","Main_Clause_Question",-1,1
"3527","exp1","6",0,4999,23,"Ambiguous","Subordinate_Clause_Question",1,-1
"3533","exp3","4",0,25574,23,"Ambiguous","Main_Clause_Question",1,1
"3539","exp3","12",0,2364,23,"Ambiguous","Main_Clause_Question",1,1
"3545","exp3","8",0,6135,23,"Ambiguous","Main_Clause_Question",1,1
"3551","exp1","14",0,4670,23,"Ambiguous","Subordinate_Clause_Question",1,-1
"3557","exp2","7",0,3845,23,"Unambiguous","Subordinate_Clause_Question",-1,-1
"3563","exp2","11",1,3131,23,"Unambiguous","Subordinate_Clause_Question",-1,-1
"3630","exp3","7",1,3528,24,"Ambiguous","Main_Clause_Question",1,1
"3636","exp2","14",1,7125,24,"Unambiguous","Subordinate_Clause_Question",-1,-1
"3642","exp4","12",1,3928,24,"Unambiguous","Main_Clause_Question",-1,1
"3648","exp4","8",1,2872,24,"Unambiguous","Main_Clause_Question",-1,1
"3654","exp1","9",1,3645,24,"Ambiguous","Subordinate_Clause_Question",1,-1
"3660","exp2","10",1,4739,24,"Unambiguous","Subordinate_Clause_Question",-1,-1
"3666","exp4","16",1,2146,24,"Unambiguous","Main_Clause_Question",-1,1
"3672","exp3","3",0,3270,24,"Ambiguous","Main_Clause_Question",1,1
"3678","exp4","4",0,4239,24,"Unambiguous","Main_Clause_Question",-1,1
"3684","exp2","2",1,3919,24,"Unambiguous","Subordinate_Clause_Question",-1,-1
"3690","exp1","13",0,4847,24,"Ambiguous","Subordinate_Clause_Question",1,-1
"3696","exp2","6",0,5179,24,"Unambiguous","Subordinate_Clause_Question",-1,-1
"3702","exp1","5",0,3321,24,"Ambiguous","Subordinate_Clause_Question",1,-1
"3708","exp3","11",1,4584,24,"Ambiguous","Main_Clause_Question",1,1
"3714","exp3","15",0,3428,24,"Ambiguous","Main_Clause_Question",1,1
"3720","exp1","1",1,4864,24,"Ambiguous","Subordinate_Clause_Question",1,-1
"3785","exp3","4",0,3198,25,"Ambiguous","Main_Clause_Question",1,1
"3791","exp4","13",1,2898,25,"Unambiguous","Main_Clause_Question",-1,1
"3797","exp1","6",0,6835,25,"Ambiguous","Subordinate_Clause_Question",1,-1
"3803","exp1","2",0,4389,25,"Ambiguous","Subordinate_Clause_Question",1,-1
"3809","exp2","11",0,5355,25,"Unambiguous","Subordinate_Clause_Question",-1,-1
"3815","exp2","3",1,10547,25,"Unambiguous","Subordinate_Clause_Question",-1,-1
"3821","exp2","7",1,2748,25,"Unambiguous","Subordinate_Clause_Question",-1,-1
"3827","exp4","1",1,3416,25,"Unambiguous","Main_Clause_Question",-1,1
"3833","exp4","5",1,2629,25,"Unambiguous","Main_Clause_Question",-1,1
"3839","exp1","14",0,5777,25,"Ambiguous","Subordinate_Clause_Question",1,-1
"3845","exp2","15",1,4165,25,"Unambiguous","Subordinate_Clause_Question",-1,-1
"3851","exp3","12",1,2641,25,"Ambiguous","Main_Clause_Question",1,1
"3857","exp3","16",1,2560,25,"Ambiguous","Main_Clause_Question",1,1
"3863","exp1","10",1,2669,25,"Ambiguous","Subordinate_Clause_Question",1,-1
"3869","exp4","9",1,5727,25,"Unambiguous","Main_Clause_Question",-1,1
"3875","exp3","8",1,3586,25,"Ambiguous","Main_Clause_Question",1,1
"3938","exp4","13",1,5929,26,"Unambiguous","Main_Clause_Question",-1,1
"3944","exp2","15",1,5738,26,"Unambiguous","Subordinate_Clause_Question",-1,-1
"3950","exp3","16",1,8603,26,"Ambiguous","Main_Clause_Question",1,1
"3956","exp1","2",0,6524,26,"Ambiguous","Subordinate_Clause_Question",1,-1
"3962","exp2","7",1,2645,26,"Unambiguous","Subordinate_Clause_Question",-1,-1
"3968","exp2","11",1,15848,26,"Unambiguous","Subordinate_Clause_Question",-1,-1
"3974","exp2","3",0,6370,26,"Unambiguous","Subordinate_Clause_Question",-1,-1
"3980","exp3","4",0,5541,26,"Ambiguous","Main_Clause_Question",1,1
"3986","exp4","9",1,3251,26,"Unambiguous","Main_Clause_Question",-1,1
"3992","exp4","1",1,2498,26,"Unambiguous","Main_Clause_Question",-1,1
"3998","exp1","6",0,8033,26,"Ambiguous","Subordinate_Clause_Question",1,-1
"4004","exp3","8",0,8307,26,"Ambiguous","Main_Clause_Question",1,1
"4010","exp1","10",1,2284,26,"Ambiguous","Subordinate_Clause_Question",1,-1
"4016","exp3","12",0,3589,26,"Ambiguous","Main_Clause_Question",1,1
"4022","exp4","5",1,2787,26,"Unambiguous","Main_Clause_Question",-1,1
"4028","exp1","14",0,7655,26,"Ambiguous","Subordinate_Clause_Question",1,-1
"4095","exp1","8",1,6447,27,"Ambiguous","Subordinate_Clause_Question",1,-1
"4101","exp2","9",0,3374,27,"Unambiguous","Subordinate_Clause_Question",-1,-1
"4107","exp3","6",1,2479,27,"Ambiguous","Main_Clause_Question",1,1
"4113","exp4","15",1,2498,27,"Unambiguous","Main_Clause_Question",-1,1
"4119","exp3","2",1,1523,27,"Ambiguous","Main_Clause_Question",1,1
"4125","exp1","4",0,2191,27,"Ambiguous","Subordinate_Clause_Question",1,-1
"4131","exp4","7",1,2298,27,"Unambiguous","Main_Clause_Question",-1,1
"4137","exp4","3",0,2441,27,"Unambiguous","Main_Clause_Question",-1,1
"4143","exp3","10",0,2487,27,"Ambiguous","Main_Clause_Question",1,1
"4149","exp1","16",0,3742,27,"Ambiguous","Subordinate_Clause_Question",1,-1
"4155","exp3","14",0,2231,27,"Ambiguous","Main_Clause_Question",1,1
"4161","exp2","13",0,4223,27,"Unambiguous","Subordinate_Clause_Question",-1,-1
"4167","exp1","12",0,5698,27,"Ambiguous","Subordinate_Clause_Question",1,-1
"4173","exp2","5",1,5023,27,"Unambiguous","Subordinate_Clause_Question",-1,-1
"4179","exp4","11",1,7937,27,"Unambiguous","Main_Clause_Question",-1,1
"4185","exp2","1",1,4630,27,"Unambiguous","Subordinate_Clause_Question",-1,-1
"4250","exp2","12",1,4533,28,"Unambiguous","Subordinate_Clause_Question",-1,-1
"4256","exp1","11",0,1260,28,"Ambiguous","Subordinate_Clause_Question",1,-1
"4262","exp1","15",0,3136,28,"Ambiguous","Subordinate_Clause_Question",1,-1
"4268","exp3","5",1,5911,28,"Ambiguous","Main_Clause_Question",1,1
"4274","exp2","8",1,7929,28,"Unambiguous","Subordinate_Clause_Question",-1,-1
"4280","exp4","6",1,4336,28,"Unambiguous","Main_Clause_Question",-1,1
"4286","exp1","3",0,3653,28,"Ambiguous","Subordinate_Clause_Question",1,-1
"4292","exp3","1",1,1471,28,"Ambiguous","Main_Clause_Question",1,1
"4298","exp4","14",0,2504,28,"Unambiguous","Main_Clause_Question",-1,1
"4304","exp1","7",0,2760,28,"Ambiguous","Subordinate_Clause_Question",1,-1
"4310","exp2","4",1,3275,28,"Unambiguous","Subordinate_Clause_Question",-1,-1
"4316","exp2","16",0,3162,28,"Unambiguous","Subordinate_Clause_Question",-1,-1
"4322","exp4","10",1,4038,28,"Unambiguous","Main_Clause_Question",-1,1
"4328","exp4","2",1,3482,28,"Unambiguous","Main_Clause_Question",-1,1
"4334","exp3","9",1,4763,28,"Ambiguous","Main_Clause_Question",1,1
"4340","exp3","13",1,2652,28,"Ambiguous","Main_Clause_Question",1,1
"4403","exp2","15",0,7170,29,"Unambiguous","Subordinate_Clause_Question",-1,-1
"4409","exp4","9",0,8287,29,"Unambiguous","Main_Clause_Question",-1,1
"4415","exp1","2",1,5290,29,"Ambiguous","Subordinate_Clause_Question",1,-1
"4421","exp2","7",1,8413,29,"Unambiguous","Subordinate_Clause_Question",-1,-1
"4427","exp1","10",1,3009,29,"Ambiguous","Subordinate_Clause_Question",1,-1
"4433","exp4","5",0,4491,29,"Unambiguous","Main_Clause_Question",-1,1
"4439","exp2","11",0,5532,29,"Unambiguous","Subordinate_Clause_Question",-1,-1
"4445","exp3","4",0,5143,29,"Ambiguous","Main_Clause_Question",1,1
"4451","exp1","6",0,5615,29,"Ambiguous","Subordinate_Clause_Question",1,-1
"4457","exp3","12",1,2960,29,"Ambiguous","Main_Clause_Question",1,1
"4463","exp4","13",1,4081,29,"Unambiguous","Main_Clause_Question",-1,1
"4469","exp4","1",1,4326,29,"Unambiguous","Main_Clause_Question",-1,1
"4475","exp1","14",1,3301,29,"Ambiguous","Subordinate_Clause_Question",1,-1
"4481","exp2","3",0,8984,29,"Unambiguous","Subordinate_Clause_Question",-1,-1
"4487","exp3","8",1,3506,29,"Ambiguous","Main_Clause_Question",1,1
"4493","exp3","16",0,2665,29,"Ambiguous","Main_Clause_Question",1,1
"4560","exp3","7",1,3998,30,"Ambiguous","Main_Clause_Question",1,1
"4566","exp4","4",0,4920,30,"Unambiguous","Main_Clause_Question",-1,1
"4572","exp1","9",1,8061,30,"Ambiguous","Subordinate_Clause_Question",1,-1
"4578","exp4","16",0,3174,30,"Unambiguous","Main_Clause_Question",-1,1
"4584","exp1","5",1,5207,30,"Ambiguous","Subordinate_Clause_Question",1,-1
"4590","exp2","10",0,6074,30,"Unambiguous","Subordinate_Clause_Question",-1,-1
"4596","exp3","15",1,3159,30,"Ambiguous","Main_Clause_Question",1,1
"4602","exp1","13",0,3602,30,"Ambiguous","Subordinate_Clause_Question",1,-1
"4608","exp2","2",0,3794,30,"Unambiguous","Subordinate_Clause_Question",-1,-1
"4614","exp2","6",0,7961,30,"Unambiguous","Subordinate_Clause_Question",-1,-1
"4620","exp3","11",0,9335,30,"Ambiguous","Main_Clause_Question",1,1
"4626","exp2","14",1,4811,30,"Unambiguous","Subordinate_Clause_Question",-1,-1
"4632","exp1","1",0,3576,30,"Ambiguous","Subordinate_Clause_Question",1,-1
"4638","exp4","8",1,4925,30,"Unambiguous","Main_Clause_Question",-1,1
"4644","exp3","3",0,3807,30,"Ambiguous","Main_Clause_Question",1,1
"4650","exp4","12",1,4886,30,"Unambiguous","Main_Clause_Question",-1,1
"4715","exp4","15",1,3035,31,"Unambiguous","Main_Clause_Question",-1,1
"4721","exp4","3",1,4478,31,"Unambiguous","Main_Clause_Question",-1,1
"4727","exp4","11",1,3102,31,"Unambiguous","Main_Clause_Question",-1,1
"4733","exp1","16",1,3418,31,"Ambiguous","Subordinate_Clause_Question",1,-1
"4739","exp1","8",1,6004,31,"Ambiguous","Subordinate_Clause_Question",1,-1
"4745","exp2","13",0,1693,31,"Unambiguous","Subordinate_Clause_Question",-1,-1
"4751","exp2","9",1,5246,31,"Unambiguous","Subordinate_Clause_Question",-1,-1
"4757","exp3","6",1,2327,31,"Ambiguous","Main_Clause_Question",1,1
"4763","exp4","7",1,1867,31,"Unambiguous","Main_Clause_Question",-1,1
"4769","exp2","5",1,1720,31,"Unambiguous","Subordinate_Clause_Question",-1,-1
"4775","exp2","1",1,1952,31,"Unambiguous","Subordinate_Clause_Question",-1,-1
"4781","exp3","14",0,2827,31,"Ambiguous","Main_Clause_Question",1,1
"4787","exp3","10",1,1867,31,"Ambiguous","Main_Clause_Question",1,1
"4793","exp1","12",1,2834,31,"Ambiguous","Subordinate_Clause_Question",1,-1
"4799","exp1","4",1,2760,31,"Ambiguous","Subordinate_Clause_Question",1,-1
"4805","exp3","2",1,1911,31,"Ambiguous","Main_Clause_Question",1,1
"4870","exp3","13",1,10097,32,"Ambiguous","Main_Clause_Question",1,1
"4876","exp2","8",1,6957,32,"Unambiguous","Subordinate_Clause_Question",-1,-1
"4882","exp1","3",0,6170,32,"Ambiguous","Subordinate_Clause_Question",1,-1
"4888","exp4","6",1,3799,32,"Unambiguous","Main_Clause_Question",-1,1
"4894","exp1","11",0,11434,32,"Ambiguous","Subordinate_Clause_Question",1,-1
"4900","exp2","12",1,4346,32,"Unambiguous","Subordinate_Clause_Question",-1,-1
"4906","exp3","1",1,2489,32,"Ambiguous","Main_Clause_Question",1,1
"4912","exp3","5",1,4825,32,"Ambiguous","Main_Clause_Question",1,1
"4918","exp3","9",1,3935,32,"Ambiguous","Main_Clause_Question",1,1
"4924","exp4","14",1,8376,32,"Unambiguous","Main_Clause_Question",-1,1
"4930","exp2","16",1,3587,32,"Unambiguous","Subordinate_Clause_Question",-1,-1
"4936","exp2","4",1,4570,32,"Unambiguous","Subordinate_Clause_Question",-1,-1
"4942","exp1","7",0,3784,32,"Ambiguous","Subordinate_Clause_Question",1,-1
"4948","exp4","10",0,2232,32,"Unambiguous","Main_Clause_Question",-1,1
"4954","exp1","15",0,3340,32,"Ambiguous","Subordinate_Clause_Question",1,-1
"4960","exp4","2",1,2665,32,"Unambiguous","Main_Clause_Question",-1,1
"5023","exp4","10",1,5262,33,"Unambiguous","Main_Clause_Question",-1,1
"5029","exp2","8",1,3112,33,"Unambiguous","Subordinate_Clause_Question",-1,-1
"5035","exp1","15",0,3003,33,"Ambiguous","Subordinate_Clause_Question",1,-1
"5041","exp4","14",1,2564,33,"Unambiguous","Main_Clause_Question",-1,1
"5047","exp3","13",1,3247,33,"Ambiguous","Main_Clause_Question",1,1
"5053","exp3","9",1,4680,33,"Ambiguous","Main_Clause_Question",1,1
"5059","exp1","7",0,3823,33,"Ambiguous","Subordinate_Clause_Question",1,-1
"5065","exp2","16",0,3534,33,"Unambiguous","Subordinate_Clause_Question",-1,-1
"5071","exp3","5",1,2938,33,"Ambiguous","Main_Clause_Question",1,1
"5077","exp1","3",0,4616,33,"Ambiguous","Subordinate_Clause_Question",1,-1
"5083","exp2","4",0,3964,33,"Unambiguous","Subordinate_Clause_Question",-1,-1
"5089","exp4","6",1,3108,33,"Unambiguous","Main_Clause_Question",-1,1
"5095","exp2","12",0,3027,33,"Unambiguous","Subordinate_Clause_Question",-1,-1
"5101","exp1","11",0,5204,33,"Ambiguous","Subordinate_Clause_Question",1,-1
"5107","exp3","1",1,2990,33,"Ambiguous","Main_Clause_Question",1,1
"5113","exp4","2",0,5762,33,"Unambiguous","Main_Clause_Question",-1,1
"5180","exp4","8",1,1993,34,"Unambiguous","Main_Clause_Question",-1,1
"5186","exp2","6",1,9124,34,"Unambiguous","Subordinate_Clause_Question",-1,-1
"5192","exp3","15",0,6654,34,"Ambiguous","Main_Clause_Question",1,1
"5198","exp1","5",0,4331,34,"Ambiguous","Subordinate_Clause_Question",1,-1
"5204","exp4","16",1,5059,34,"Unambiguous","Main_Clause_Question",-1,1
"5210","exp1","9",0,6058,34,"Ambiguous","Subordinate_Clause_Question",1,-1
"5216","exp4","4",0,9017,34,"Unambiguous","Main_Clause_Question",-1,1
"5222","exp2","2",1,7097,34,"Unambiguous","Subordinate_Clause_Question",-1,-1
"5228","exp2","14",1,3663,34,"Unambiguous","Subordinate_Clause_Question",-1,-1
"5234","exp1","1",0,5325,34,"Ambiguous","Subordinate_Clause_Question",1,-1
"5240","exp4","12",1,3463,34,"Unambiguous","Main_Clause_Question",-1,1
"5246","exp3","7",1,3892,34,"Ambiguous","Main_Clause_Question",1,1
"5252","exp3","11",0,2894,34,"Ambiguous","Main_Clause_Question",1,1
"5258","exp3","3",0,4037,34,"Ambiguous","Main_Clause_Question",1,1
"5264","exp1","13",0,2059,34,"Ambiguous","Subordinate_Clause_Question",1,-1
"5270","exp2","10",0,1675,34,"Unambiguous","Subordinate_Clause_Question",-1,-1
"5335","exp3","3",1,6911,35,"Ambiguous","Main_Clause_Question",1,1
"5341","exp1","13",0,2049,35,"Ambiguous","Subordinate_Clause_Question",1,-1
"5347","exp4","4",0,4347,35,"Unambiguous","Main_Clause_Question",-1,1
"5353","exp1","5",0,3454,35,"Ambiguous","Subordinate_Clause_Question",1,-1
"5359","exp4","12",1,3051,35,"Unambiguous","Main_Clause_Question",-1,1
"5365","exp4","16",1,2213,35,"Unambiguous","Main_Clause_Question",-1,1
"5371","exp3","7",1,2219,35,"Ambiguous","Main_Clause_Question",1,1
"5377","exp1","9",0,2162,35,"Ambiguous","Subordinate_Clause_Question",1,-1
"5383","exp2","6",0,3611,35,"Unambiguous","Subordinate_Clause_Question",-1,-1
"5389","exp2","14",0,3158,35,"Unambiguous","Subordinate_Clause_Question",-1,-1
"5395","exp2","2",0,4965,35,"Unambiguous","Subordinate_Clause_Question",-1,-1
"5401","exp3","11",1,3481,35,"Ambiguous","Main_Clause_Question",1,1
"5407","exp1","1",0,4530,35,"Ambiguous","Subordinate_Clause_Question",1,-1
"5413","exp4","8",1,3441,35,"Unambiguous","Main_Clause_Question",-1,1
"5419","exp2","10",0,2362,35,"Unambiguous","Subordinate_Clause_Question",-1,-1
"5425","exp3","15",0,2625,35,"Ambiguous","Main_Clause_Question",1,1
"5488","exp2","16",0,6333,36,"Unambiguous","Subordinate_Clause_Question",-1,-1
"5494","exp2","12",1,4681,36,"Unambiguous","Subordinate_Clause_Question",-1,-1
"5500","exp4","6",1,5695,36,"Unambiguous","Main_Clause_Question",-1,1
"5506","exp1","15",0,2881,36,"Ambiguous","Subordinate_Clause_Question",1,-1
"5512","exp3","9",0,5195,36,"Ambiguous","Main_Clause_Question",1,1
"5518","exp1","3",0,9959,36,"Ambiguous","Subordinate_Clause_Question",1,-1
"5524","exp1","11",0,6292,36,"Ambiguous","Subordinate_Clause_Question",1,-1
"5530","exp3","5",0,5106,36,"Ambiguous","Main_Clause_Question",1,1
"5536","exp2","4",0,7424,36,"Unambiguous","Subordinate_Clause_Question",-1,-1
"5542","exp3","1",0,10738,36,"Ambiguous","Main_Clause_Question",1,1
"5548","exp2","8",1,5849,36,"Unambiguous","Subordinate_Clause_Question",-1,-1
"5554","exp1","7",0,3315,36,"Ambiguous","Subordinate_Clause_Question",1,-1
"5560","exp4","14",0,6245,36,"Unambiguous","Main_Clause_Question",-1,1
"5566","exp4","2",0,6158,36,"Unambiguous","Main_Clause_Question",-1,1
"5572","exp3","13",0,2365,36,"Ambiguous","Main_Clause_Question",1,1
"5578","exp4","10",1,3607,36,"Unambiguous","Main_Clause_Question",-1,1
